Celda,f0,chi
1,6,1.05090909
2,5,0.27313131
3,4,0.00040404
4,2,0.97010101
5,2,0.97010101
6,3,0.23272727
7,5,0.27313131
8,4,0.00040404
9,4,0.00040404
10,1,2.21252525
11,5,0.27313131
12,5,0.27313131
13,2,0.97010101
14,2,0.97010101
15,3,0.23272727
16,6,1.05090909
17,3,0.23272727
18,2,0.97010101
19,5,0.27313131
20,7,2.33373737
21,3,0.23272727
22,6,1.05090909
23,4,0.00040404
24,4,0.00040404
25,6,1.05090909
